{"cameraMode":{"drawMode":0,"name":"Shaded","section":"Shading Mode"},"sceneLighting":true,"audioPlay":false,"sceneViewState":{"showFog":true,"showMaterialUpdate":false,"showSkybox":true,"showFlares":true,"showImageEffects":true,"showParticleSystems":true},"in2DMode":false,"pivot":{"x":-7.323271751403809,"y":-0.6766033172607422,"z":5.657685279846191},"rotation":{"x":0.29174378514289858,"y":0.2773461937904358,"z":-0.08881016820669174,"w":0.9110868573188782},"size":11.14255428314209,"orthographic":false}