{"cameraMode":{"drawMode":0,"name":"Shaded","section":"Shading Mode"},"sceneLighting":true,"audioPlay":false,"sceneViewState":{"showFog":true,"showMaterialUpdate":false,"showSkybox":true,"showFlares":true,"showImageEffects":true,"showParticleSystems":true},"in2DMode":false,"pivot":{"x":2.391061305999756,"y":-4.379011154174805,"z":-4.955279350280762},"rotation":{"x":-0.22391721606254579,"y":-0.7170597910881043,"z":0.2657351791858673,"w":-0.604221522808075},"size":11.22782039642334,"orthographic":false}