{"cameraMode":{"drawMode":0,"name":"Shaded","section":"Shading Mode"},"sceneLighting":true,"audioPlay":false,"sceneViewState":{"showFog":true,"showMaterialUpdate":false,"showSkybox":true,"showFlares":true,"showImageEffects":true,"showParticleSystems":true},"in2DMode":false,"pivot":{"x":1.2846076488494874,"y":0.3470214605331421,"z":0.29036474227905276},"rotation":{"x":0.22122502326965333,"y":0.05993271991610527,"z":-0.013622530736029148,"w":0.9732847809791565},"size":1.4934747219085694,"orthographic":false}